Course Name,Announcement,Assignee
3CSE - CSE204 Project 1,"DearÂ 3CSE-Div:2, Batch C students,

Join: https://meet.google.com/kti-wkdv-ehv",Unknown
3CSE - CSE204 Project 1,"Dear Students,

Upload project proposal PDF copy in this link:Â https://forms.gle/i3ux7n2BRzR5onyC9

Deadline: Tomorrow",Unknown
3CSE - CSE204 Project 1,"Dear all,

Submit your hard copy of project proposal approval review report to your lab teacher by tomorrow.

Thank you.",Unknown
3CSE - CSE204 Project 1,"DearÂ 3CSE-Div:2, Batch C students,

Join:Â https://meet.google.com/ebq-nwjg-pza",Unknown
3CSE - CSE204 Project 1,"Dear Students,

Project proposal approval email has been sent. Check your email and follow. Bring hard-copy of project proposal during the approval process.",Unknown
3CSE - CSE204 Project 1,"Dear 3CSE-Div:2, Batch C students,

Join:Â https://meet.google.com/rqn-dqzz-gsi",Unknown
3CSE - CSE204 Project 1,"Dear Students,

You are requested to finalize the project details, form a group and fill the details in the given link latest by 06/07/2024.Â 
Fill the details:Â https://forms.gle/iZxXWVEPZZZMCQV17
Your lab teacher will interact during lab hours on this Saturday (06/07/2024) on submitted data.
In case of any query, you may contact your lab teacher.

Instructions:Â 
1. Group should be usually of two to four members. It is allowed to create a group from inter-batch.
2. Students must interact with the lab teacher on a regular basis and complete the tasks.",Unknown
Certification Course : ML and Data Science,Pre-trained CNN with two approaches.,Unknown
Certification Course : ML and Data Science,All participants are requested to join.,Unknown
Certification Course : ML and Data Science,"Dear Participants,Â 

Due to the parents teacher meet at institute, the today's session from 9:30 AM is rescheduled on September 28, 2024, 9:30 AM Onwards. We hope you continue with the learning with great enthusiasm.Â 

Best Regards,Â 
Dr. Sanskruti Patel
Dr. Sagar Kavaiya",Unknown
Certification Course : ML and Data Science,A code demonstrating of a simple CNN model.,Unknown
Certification Course : ML and Data Science,A gentle reminder to join today's class.,Unknown
Certification Course : ML and Data Science,"Dear All,

A gentle reminder for tomorrows session at 9:30 AM.Â ",Unknown
Certification Course : ML and Data Science,"Dear Students,Â 

Please find the attached code and dataset for the exercise purpose. You are requested to do following.Â 

1. Run the code and prepare the learnings of the code in one page of document.Â 

Send to us as a part of submission.Â 

Regards,Â ",Unknown
Certification Course : ML and Data Science,"Dear Participants,Â 

We hope that you are enjoying the course and having great learning experience. Due to the festival days, and upon several requests, we have updated the week wise schedule and it is attached here.Â 

Please note that the following dates are holidays
1. August 24, 2024
2. September 07, 2024.

We request you to go through the updated schedule.Â 

Best Regards,Â 
Dr. Sanskruti Patel
Dr. Sagar Kavaiya",Unknown
Certification Course : ML and Data Science,"Dear Students,Â 

Please find the code of ANN+PCA attached.Â 

Regards,Â ",Unknown
Certification Course : ML and Data Science,"Dear All,

Due to persistent problem in Network Connection, we could not completed the demonstration. Therefore, we will have a session again at 3:00 PM today. Please join.",Unknown
Certification Course : ML and Data Science,hands-on session files (July 27),Unknown
Certification Course : ML and Data Science,"Dear All,Â 

Please have the hands on for hypothesis.Â 

Regards,Â ",Unknown
Certification Course : ML and Data Science,"Please find the attached file 1 and file 2 that has been used in today's session.Â 

Have a great learning.Â 

Best regards.",Unknown
Certification Course : ML and Data Science,"Practice dataset for EDA.Â 

",Unknown
Certification Course : ML and Data Science,Please find the exercise for today's session.Â ,Unknown
CSE202: Microprocessor and Computer Organization,Chapter 5,Unknown
CSE202: Microprocessor and Computer Organization,Chapter 4 PPT,Unknown
CSE202: Microprocessor and Computer Organization,Previous Year Question papers,Unknown
CSE202: Microprocessor and Computer Organization,Practical 7 format,Unknown
CSE202: Microprocessor and Computer Organization,"Dear students,
The link For Continous Evaluation Chapter 2Â  is Here
Time Duration:20 Min.",Unknown
CSE202: Microprocessor and Computer Organization,Practical 6 Reference,Unknown
CSE202: Microprocessor and Computer Organization,"Dear students,
PFA Practical 6 format",Unknown
CSE202: Microprocessor and Computer Organization,"Dear students,
PFA Chapter 2",Unknown
CSE202: Microprocessor and Computer Organization,"Dear Students,
PFA software requires for Practical 6-10.",Unknown
CSE202: Microprocessor and Computer Organization,"Dear students,
PFA,
Practical-5 format",Unknown
CSE202: Microprocessor and Computer Organization,"Dear students,
Upload your practical continuous evaluation in the given link:

",Unknown
CSE202: Microprocessor and Computer Organization,"Dear students,
PFA Chapter 3 PPT",Unknown
CSE202: Microprocessor and Computer Organization,"Dear students,
Your Practical internal evaluation will be conducted in next week in the respective lab.
Theory Unit wise internal evaluation will be taken on next week for chapter 3 in respective class by subject faculty.

For any doubt contact me.Â ",Unknown
CSE202: Microprocessor and Computer Organization,"Dear students,
PFA of Practical 4.",Unknown
CSE202: Microprocessor and Computer Organization,"Dear students,
PFA Format of Practical 1,2 & 3.",Unknown
CSE202: Microprocessor and Computer Organization,"Dear students,
PFA Practical wise submission Link.
Make sureÂ  it will be counted as practical performance,
Late submission may affect your practical performance
Â ",Unknown
CSE202: Microprocessor and Computer Organization,"Dear Students,
PFA Chapter 2 part 1",Unknown
CSE202: Microprocessor and Computer Organization,"Unit 1 Quiz Link:
",Unknown
CSE202: Microprocessor and Computer Organization,"Dear Students,

PFA Practical List",Unknown
CSE202: Microprocessor and Computer Organization,"Dear Students,
PFA Chapter 1 PPT",Unknown
CSE202: Microprocessor and Computer Organization,"Dear Students,
PFA MPCOÂ  Syallbus",Unknown
CSE201 - Java Programming 2024 - 25,"Dear 3CSE1 & 3CSE2 Students,

Kindly enter your online course details and upload the certification or progress report in the given below form link.
The deadline to complete this task is 5/10/2024.

Evaluation of the online course details will be done by the below faculty members:-
3CSE1 - A : - Ms. Krishna Patel
3CSE1 - B : - Ms. Rima Patel
3CSE1 - C : - Ms. Ankita Amaravat
3CSE1 - D : - Ms. Aishwariya Budhrani

3CSE2 - A : -Â Ms. Rima Patel
3CSE2 - B : -Â Ms. Ankita Amaravat
3CSE2 - C : - Dr. Chirag Patel
3CSE2 - D : - Ms. Aishwariya Budhrani",Unknown
CSE201 - Java Programming 2024 - 25,"Dear 3CSE1 & 3CSE2 Students,
The submission Java Mini Project is approaching. Please ensure that your project is complete and submitted by 30th September,2024 in the given below link.Â 

Submission Guidelines:


1. One student in a group has to submit the details in the below link by adding other members details.

2. Submit your project files in a compressed folder (.zip or .rar) named in the format:Â (ProjectTitle).
3. Include all source codes, documentation, and a brief presentation (if applicable).

4. Please ensure that each group consists of a minimum of 1 student and no more than 3 students.

Evaluation of the project will be done by the below faculty members:-

3CSE1 - A : - Ms. Krishna Patel
3CSE1 - B : - Ms. Rima Patel
3CSE1 - C : - Ms. Ankita Amaravat
3CSE1 - D : - Ms. Aishwariya Budhrani



3CSE2 - A : -Â Ms. Rima Patel
3CSE2 - B : -Â Ms. Ankita Amaravat
3CSE2 - C : - Dr. Chirag Patel
3CSE2 - D : - Ms. Aishwariya Budhrani",Unknown
CSE201 - Java Programming 2024 - 25,"Dear Students of 3CSE1,Â 

The continuous evaluation for the Unit -3 & Unit - 4 is scheduled on September 23, 2024 (in Java lecture).Â 

Note: All are requested to bring the laptop for the continuous evaluation without fail. (Mobile phones will not be allowed to appear for the quiz)

The following are the guidelines:

CSE201 - Java Programming
Continuous Evaluation - 3 & 4
All questions are compulsory to attend.Â 
Total Time: 30 minutes",Unknown
CSE201 - Java Programming 2024 - 25,"Dear Students of 3CSE2,Â 

Please find CIE - 3 Marks.Â 


",Unknown
CSE201 - Java Programming 2024 - 25,"Dear Students of 3CSE1- A Batch,Â 

Java Mini Project and Online course Evaluation has been scheduled on September 25, 2024.Â 

All are requested to remain present.Â 

Thank you.Â ",Unknown
CSE201 - Java Programming 2024 - 25,"Dear Students of 3CSE2,Â 

The continuous evaluation for the Unit -4 & Unit - 5 is scheduled on September 26, 2024 (in Java lecture).Â 

Note: All are requested to bring the laptop for the continuous evaluation without fail. (Mobile phones will not be allowed to appear for the quiz)

The following are the guidelines:

CSE201 - Java Programming
Continuous Evaluation - 4 & 5
All questions are compulsory to attend.Â 
Total Time: 30 minutes (for each Evaluation)",Unknown
CSE201 - Java Programming 2024 - 25,"Dear Students,Â 

Please find the Unit - 5 material.Â 
",Unknown
CSE201 - Java Programming 2024 - 25,"Dear Students,Â 

Please find the attached material for Unit - 3 & 4Â 


",Unknown
CSE201 - Java Programming 2024 - 25,"Dear Students of 3CSE2,Â 

The continuous evaluation for the Unit -3 & Unit - 4 is scheduled on September 19, 2024 (in Java lecture).Â 

Note: All are requested to bring the laptop for the continuous evaluation without fail. (Mobile phones will not be allowed to appear for the quiz)

The following are the guidelines:

CSE201 - Java Programming
Continuous Evaluation - 3 & 4Â 
All questions are compulsory to attend.Â 
Total Time: 30 minutes (for each Evaluation)",Unknown
CSE201 - Java Programming 2024 - 25,"Dear Students,Â 
The following are the links for the pratical problems in Hacker rank:Â 

1: -Java Inheritance I :Â https://www.hackerrank.com/challenges/java-inheritance-1/problem?isFullScreen=true
2: -Â Java Inheritance II :Â https://www.hackerrank.com/challenges/java-inheritance-2/problem?isFullScreen=true
3: - java Abstract Class :Â https://www.hackerrank.com/challenges/java-abstract-class/problem?isFullScreen=true
4:-Â Java Interface:Â https://www.hackerrank.com/challenges/java-interface/problem?isFullScreen=true
5:-Â Java Method Overriding :Â https://www.hackerrank.com/challenges/java-method-overriding/problem?isFullScreen=true
6:-Â Java Method Overriding 2 (Super Keyword) :Â https://www.hackerrank.com/challenges/java-method-overriding-2-super-keyword/problem?isFullScreen=true
7:- Java Exception Handling:Â https://www.hackerrank.com/challenges/java-exception-handling/problem?isFullScreen=true
8:- Java Exception Handling :Â https://www.hackerrank.com/challenges/java-exception-handling-try-catch/problem?isFullScreen=true",Unknown
CSE201 - Java Programming 2024 - 25,"Dear Students,Â 

Please find the attached material.Â 

",Unknown
CSE201 - Java Programming 2024 - 25,"Dear students,

Try this definition ...


Create a class Salad -Method: void SaladBowl (), that shows the all the content of salad, instance variables ( int no. of salad ordered), create a super class Vegetable of Salad-Instance Variables: String vegName, int vegCount, Method: getVegName(), getVegCount().
Create interface Fruits- getFruits(); Interface Sauces- getSauces();, Interface Dressing- getDressings.
Salad is the subclass of Vegetable and implements all three interfaces, create object of Salad class and call all the methods of Salad and Vegetable class as well implement methods of all three interface
Output:
No. of Salads ordered: 2
Name of Vegetable: cucumber
Vegetable count : 2
Name of Vegetable : Cabbage
Vegetable count: 1
Name of Vegetable: tomato
Vegetable count : 4
Fruits: Grapes
Sauces: Mayonise
Dressings: Russian",Unknown
CSE201 - Java Programming 2024 - 25,"Link for the CE2 for 3CSE2- D2D students


https://forms.gle/xTCxQPP59eCiFHHJ6",Unknown
CSE201 - Java Programming 2024 - 25,"Link for the CE1 for 3CSE2- D2D students

https://forms.gle/4hduMXuPyKFEpPYt5",Unknown
CSE201 - Java Programming 2024 - 25,"Dear Students of 3CSE2- D batch,Â 

The Continuous evaluation for Unit -1 & Unit -2 is scheduled on August 9, 2024 from 2.20 pm to 3.05 PM in room no. 323.Â 

Note: All are requested to bring the laptop for the continuous evaluation without fail. (Mobile phones will not be allowed to appear for the quiz)

The following are the guidelines:

CSE201 - Java Programming (Unit -1 )
Continuous Evaluation - 1
Each question carry 1 mark. All questions are compulsory to attend.Â 
Total Time: 15 minutes

CSE201 - Java Programming (Unit -2)
Continuous Evaluation - 2
All questions are compulsory to attend.Â 
Total Time: 30 minutes",Unknown
CSE201 - Java Programming 2024 - 25,"Dear Students of 3CSE2- D batch,Â 

The Continuous evaluation for Unit -1 & Unit -2 is scheduled on August 9, 2024 from 2.20 pm to 3.05 PM in room no. 323.Â 

Note: All are requested to bring the laptop for the continuous evaluation without fail. (Mobile phones will not be allowed to appear for the quiz)

The following are the guidelines:

CSE201 - Java Programming (Unit -1 )
Continuous Evaluation - 1
Each question carry 1 mark. All questions are compulsory to attend.Â 
Total Time: 15 minutes

CSE201 - Java Programming (Unit -2)
Continuous Evaluation - 2
All questions are compulsory to attend.Â 
Total Time: 30 minutes",Unknown
CSE201 - Java Programming 2024 - 25,"Dear students,

try to solve the attached programs.",Unknown
CSE201 - Java Programming 2024 - 25,"Dear Students of 3CSE2,Â 

Please find the Continuous Evaluation- 2 Marks.Â 

Thank You",Unknown
CSE201 - Java Programming 2024 - 25,"Dear Students of 3CSE2,Â 

Please find the link for the Continuous evaluation -2 for Unit -2

https://forms.gle/nTKs15RshBbKUqKq9",Unknown
CSE201 - Java Programming 2024 - 25,"Dear Students,Â 

Please find the PPT for Chapter -2.",Unknown
CSE201 - Java Programming 2024 - 25,"Dear Students,Â 

Please find the PPT for Chapter -2.Â 

",Unknown
CSE201 - Java Programming 2024 - 25,"Dear Students of 3CSE2,Â 

The continuous evaluation for the Unit -1 is scheduled on August 1, 2024 (in Java lecture).Â 

Note: All are requested to bring the laptop for the continuous evaluation without fail. (Mobile phones will not be allowed to appear for the quiz)

The following are the guidelines:

CSE201 - Java Programming
Continuous Evaluation - 2
All questions are compulsory to attend.Â 
Total Time: 30 minutes


Thank YouÂ ",Unknown
CSE201 - Java Programming 2024 - 25,"DearÂ 

3CSE1 Students,

please find below Continuous Evaluation for Unit - 2 link.",Unknown
CSE201 - Java Programming 2024 - 25,"Dear Students,Â 


Please find the Unit -1 Continuous EvaluationÂ -1 marks.",Unknown
CSE201 - Java Programming 2024 - 25,"Dear Students,Â 

Please find the attendance report from June 24, to July 11, 2024.Â 

Those who are having less attendance informed to attend the lectures regularly.

Thank YouÂ ",Unknown
CSE201 - Java Programming 2024 - 25,"Dear Students,Â 


Please find the Unit -1 Continuous Evaluation quiz Link:Â 

https://forms.gle/PKppBv5ZsXvMQV9p8Â ",Unknown
CSE201 - Java Programming 2024 - 25,"Dear Students,Â 

Please fins the Unit -1 PPTs.Â 
",Unknown
CSE201 - Java Programming 2024 - 25,"Dear Students of 3CSE2,Â 

The continuous evaluation for the Unit -1 is scheduled on July 11, 2024 (in Java lecture).Â 

Note: All are requested to bring the laptop for the continuous evaluation without fail. (Mobile phones will not be allowed to appear for the quiz)

The following are the guidelines:

CSE201 - Java Programming
Continuous Evaluation - 1
Each question carry 1 mark. All questions are compulsory to attend.Â 
Total Time: 15 minutes
You have to submit a quiz after a submission call at 16th minute and then form will be closed. You will loose the marks if quiz is not submitted on time.",Unknown
CSE201 - Java Programming 2024 - 25,"Dear Students,Â 

Please find the CSE201- Java Programming Lesson Planning.Â ",Unknown
CSE201 - Java Programming 2024 - 25,"Dear Students,
PFA,

Practical File format.",Unknown
CSE201 - Java Programming 2024 - 25,"Dear Students,

Please find attached reference material of Unit - 1.",Unknown
CSE201 - Java Programming 2024 - 25,"Dear Students,

Please find attached e-books and reference material.",Unknown
CSE201 - Java Programming 2024 - 25,"Dear Students,Â 

Please find the attached CSE201- Java Programming syllabus and pedagogy.",Unknown
CSE201 - Java Programming 2024 - 25,"Dear Students,Â 

Please find the attached CSE201- Java Programming Practical list.",Unknown
CSE201 - Java Programming 2024 - 25,"Dear Students,Â 

Please find the NPTEL Java Online Course Link:Â 

https://onlinecourses.nptel.ac.in/noc24_cs105/previewÂ 
https://nptel.ac.in/courses/106105191

Kindly register.Â ",Unknown
CSE203: Data Structure & Algorithms,Tree PPT,Unknown
CSE203: Data Structure & Algorithms,"Dear 3CSE1 Students,
You quiz for the tree and graph chapter is scheduled on 4th October 2024 in DSA lecture. All must attend the quiz. So plan any activity accordingly.",Unknown
CSE203: Data Structure & Algorithms,"3CSE2 Class,

DSA Quiz Marks",Unknown
CSE203: Data Structure & Algorithms,"Tree and Graph

Note: Do not refer AVL tree from the given notes.

",Unknown
CSE203: Data Structure & Algorithms,"3CSE2 Class

Link for Exam:Â https://forms.gle/L6GNo5E6XGyvntpu7",Unknown
CSE203: Data Structure & Algorithms,"Dear 3CSE1 Students,
According to our lesson plan, there will be no quiz for the Sorting chapter. Instead, an assignment will be given to assess your understanding of the topic. You will each receive your individual assignment within the next few days.",Unknown
CSE203: Data Structure & Algorithms,"traversal program:
3CSE-1 C batch",Unknown
CSE203: Data Structure & Algorithms,ALL sorting algorithms,Unknown
CSE203: Data Structure & Algorithms,"Dear all, Find the Unit test-2 Quiz + Fill In the blanks marks.
If any discrepancies then call me within three working days after that no issue will be entertained.

D2D results will be declared when students will be physically available here in campus.",Unknown
CSE203: Data Structure & Algorithms,Unit Test-2 Quiz Questions,Unknown
CSE203: Data Structure & Algorithms,https://gateoverflow.in/1826/gate-cse-2006-question-49,Unknown
CSE203: Data Structure & Algorithms,"Link to submit Quiz-2 for CSE1 Students only
https://forms.gle/xvACxahFqXaWFvk6A
",Unknown
CSE203: Data Structure & Algorithms,https://forms.gle/ighP8ognAzspTnik6,Unknown
CSE203: Data Structure & Algorithms,"Dear 3CSE2 students,

Link for Exam:Â https://docs.google.com/forms/d/1ZPOu7rU3BxthNsizbLx1lJfyU9QkJdYI8AQJ-4NzMQw/edit

Thank you.",Unknown
CSE203: Data Structure & Algorithms,"Dear CSE2 Students,
Continuous Evaluation 2 will take place on Tuesday, August 13, 2024, during the DSA lecture hour. all must be present.

Thank you.",Unknown
CSE203: Data Structure & Algorithms,"Dear Students,
Unit Test-2 Will take place on this Tuesday during DSA-lecture hour, all must present.",Unknown
CSE203: Data Structure & Algorithms,Study materials,Unknown
CSE203: Data Structure & Algorithms,University Question of Linked List,Unknown
CSE203: Data Structure & Algorithms,Linked List,Unknown
CSE203: Data Structure & Algorithms,"
Dear Students,Â  one of the good course is going on related to DSA on Swayam portal, link is given below if you want to enroll then enroll it before 22 July 2024.
https://onlinecourses.nptel.ac.in/noc24_cs96/preview",Unknown
CSE203: Data Structure & Algorithms,infix to postfix,Unknown
CSE203: Data Structure & Algorithms,Study material of Linear data structure.,Unknown
CSE203: Data Structure & Algorithms,"Unit Test-1 Marks
Dear CSE1 student unit test marks is attached here if there is any discrepancy or issue then discuss with me within two days after that no issues will be entertained.",Unknown
CSE203: Data Structure & Algorithms,Unit test-1 Paper,Unknown
CSE203: Data Structure & Algorithms,"Only for 3CSE1
Odd Roll No. Students click here:Â https://forms.gle/Xkof6BugHsKPYUbA7

Even Roll No. Students click here:Â https://forms.gle/jXWkzBjA9dg8oD449",Unknown
CSE203: Data Structure & Algorithms,"Dear Class 3CSE2 Students,
Quiz-1 Result is attached here.

Thank you.",Unknown
CSE203: Data Structure & Algorithms,DSA PPT,Unknown
CSE203: Data Structure & Algorithms,"CSE2 Students,

Exam Link:Â https://forms.gle/mDbjkiSZGw3oKHT58",Unknown
CSE203: Data Structure & Algorithms,"Dear 3CSE1 Students,
Your first quiz of unit-1 is scheduled on Tuesday (09/07/2024). Coverage of Syllabus will be as mentioned in the lesson plan.
Time: In the lecture of 2:20 to 3:20",Unknown
CSE203: Data Structure & Algorithms,"Class 3CSE2,

Tomorrow you have an Internal evaluation exam of chapter-1 during class time (9:10am to 10:10am).

Thank you.
",Unknown
CSE203: Data Structure & Algorithms,DSA Study Material for reference,Unknown
CSE203: Data Structure & Algorithms,Practical File format,Unknown
CSE203: Data Structure & Algorithms,updated Practical List,Unknown
CSE203: Data Structure & Algorithms,Find the lesson plan for your reference.,Unknown
CSE203: Data Structure & Algorithms,"Dear Students,
Kindly find the attachments.
1. Data Structure syllabus
2. DSA PPT
3.Â Practical List",Unknown
ME 145 EOE DCSE-1 2024,ME 145 EOE Marks-1st Internal,Unknown
ME 145 EOE DCSE-1 2024,ME145 EOE ASSIGNMENT,Unknown
ME 145 EOE DCSE-1 2024,CSPIT-EOE(even sem 2022-23) 1st internal paper for your reference,Unknown
ME 145 EOE DCSE-1 2024,ME145 EOE Syllabus for 1st Internal Exam,Unknown
CSE101-Digital Electronics (2023-24),Batch A is ready for practical @ 313,Unknown
CSE101-Digital Electronics (2023-24),"CSE2 class
 CSE-101 Digital Electronics
 V-313, PE-313, W-323",Unknown
CSE101-Digital Electronics (2023-24),"Batch C is ready for the viva at 312.





",Unknown
CSE101-Digital Electronics (2023-24),"Dear all,

Note: only 60 responses are there so it's humble request to upload theÂ  file in the shared sheet otherwise I will not be allowed to give the exam on a specific date.

Thank you.",Unknown
CSE101-Digital Electronics (2023-24),"Dear students,

Greetings!!!!

As per the scheduled time of viva and practical exam for the subject, CSE101-Digital Electronics will be 9:00 am on your respective scheduled dates. 

All the students are requested to report at 9:00 am at the mentioned location.

Location: V-303, PE-304, W-306

Â 
Viva: 9:30 am onwards (All the students)

All the Best!!!",Unknown
CSE101-Digital Electronics (2023-24),"Dear all,

kindly upload the practical file in the shared link before your examination.

Thank you.",Unknown
CSE101-Digital Electronics (2023-24),"Dear all,

Kindly upload the practical File (in pdf format) in the given below link before 7th May 2024.

Link:Â https://forms.gle/bxsGbLHLQEqfdhwL7

Thank You.",Unknown
CSE101-Digital Electronics (2023-24),"Dear CSE2-C batch students,
You can come for Project Presentation before 11 AM, tomorrow.",Unknown
CSE101-Digital Electronics (2023-24),material for Digital Electronics,Unknown
CSE101-Digital Electronics (2023-24),"software required for UNIT Test-2

Link:Â https://sourceforge.net/projects/seb/files/seb/SEB_3.6.0/SEB_3.6.0.633_SetupBundle.exe/download",Unknown
CSE101-Digital Electronics (2023-24),UNIT-5Â ,Unknown
CSE101-Digital Electronics (2023-24),Combinational and Sequential circuitÂ ,Unknown
CSE101-Digital Electronics (2023-24),"UNIT TEST-2Â 

--Syllabus",Unknown
CSE101-Digital Electronics (2023-24),"UNIT TEST-1 MARKS

Attention all students! It is mandatory for those who have scored less than 12 marks to rewrite the entire question paper along with the solution in their assignment book.",Unknown
CSE101-Digital Electronics (2023-24),"All the students fill out the project details in the shared sheet today before 4:00 pm.

Link:Â https://docs.google.com/spreadsheets/d/1N4LGr0Vd8ZQiqjcYsTiva9AqbQ_QV5C430O0fh6oPyc/edit?usp=sharing",Unknown
CSE101-Digital Electronics (2023-24),old internal papers,Unknown
CSE101-Digital Electronics (2023-24),"Deadline : Assignment-1 submission

7th March, 2024",Unknown
CSE101-Digital Electronics (2023-24),Assignment -1 Sr. No 15 Solution,Unknown
CSE101-Digital Electronics (2023-24),"Chapter 2:Simplification of Boolean function
Chapter 3: Combinational Circuit",Unknown
CSE101-Digital Electronics (2023-24),Chapter-1: Number System,Unknown
CSE101-Digital Electronics (2023-24),kindly check practical 2 having assignment question in last page.. so you have to write in file pages.,Unknown
CSE101-Digital Electronics (2023-24),Practical 2: Implement the circuit using NAND Gate and NOR gate only,Unknown
CSE101-Digital Electronics (2023-24),University Question Papers,Unknown
CSE101-Digital Electronics (2023-24),"Assignment 2
Due Mar 16",Unknown
CSE101-Digital Electronics (2023-24),Assignment 1Due Feb 16,Unknown
CSE101-Digital Electronics (2023-24),"1.Practical List
2.Â Â Minor Project",Unknown
CSE101-Digital Electronics (2023-24),"1. Rubrics and Pedagogy of Digital Electronics
2. Syllabus
3. Practical
",Unknown
CE144 OBJECT ORIENTED PROGRAMMING WITH C++,"Dear Students,

PFAÂ Second internal examination marks of CE144:Â OBJECT ORIENTED PROGRAMMING WITH C++",Unknown
CE144 OBJECT ORIENTED PROGRAMMING WITH C++,"Dear 2CSE2 B batch students,

PFA Aim for practical examination.


Time :Â  01:30 pm - 2:45 PM",Unknown
CE144 OBJECT ORIENTED PROGRAMMING WITH C++,"Dear 2CSE2 A batch students,

PFA Aim for practical examination.


Time : 11:45 am - 01:00 pm",Unknown
CE144 OBJECT ORIENTED PROGRAMMING WITH C++,"Dear 2CSE2 Students,

Please find attached link on which you need to submit your practical examination work. Kindly read the instructions carefully.

Thank you.",Unknown
CE144 OBJECT ORIENTED PROGRAMMING WITH C++,"Dear 2CSE2 C batch students,

PFA Aim for practical examination.


Time : 10:00 am - 11:15 am",Unknown
CE144 OBJECT ORIENTED PROGRAMMING WITH C++,"Dear 2CSE1 C batch students,

PFA Aim for practical examination.",Unknown
CE144 OBJECT ORIENTED PROGRAMMING WITH C++,"Dear Students,

Please find attached link on which you need to submit your practical examination work. Kindly read the instructions carefully.

Thank you.",Unknown
CE144 OBJECT ORIENTED PROGRAMMING WITH C++,"Dear 2CSE1 A & B batch students,

PFA aim for practical examination.",Unknown
CE144 OBJECT ORIENTED PROGRAMMING WITH C++,"Dear students,

Greetings!!!!

As per the schedule time ofÂ vivaÂ andÂ practicalÂ exam for the subjectÂ CE144 Object Oriented Programming with C++Â  will beÂ 9:15 amÂ on your respectiveÂ scheduled dates.Â 


All the students are requested to report atÂ 9:10 am at the mentioned location.
Venue: -
Viva: 317
Practical:317
Waiting Area: 323Â 
PracticalÂ Examination of A batch - 9:15 am to 10:45 am, B batch - 11:00 to 12:30 and C batch - 2:00 pm to 3:30 pm are scheduled.

Viva: 9:15 am onwardsÂ 

Please note the following points:

1. All students should come inÂ decent formal wear.

2.Â Â Â Proper disciplineÂ is to beÂ observedÂ by the students duringÂ vivaÂ andÂ practicalÂ exams

3. All students should make sure that theirÂ signature is on theÂ term-work signature sheetÂ prior to the start of the practical/vivaÂ exam.

4. Try to answer the questions in English only.Â 


ALL THE BESTÂ ğŸ‘Â DO WELL !! STAY CONFIDENT",Unknown
CE144 OBJECT ORIENTED PROGRAMMING WITH C++,"Dear students,

Greetings!!!!

As per the schedule time ofÂ vivaÂ andÂ practicalÂ exam for the subjectÂ CE144 Object Oriented Programming with C++Â  will beÂ 9:15 amÂ on your respectiveÂ scheduled dates.Â 


All the students are requested to report atÂ 9:10 am at the mentioned location.
Venue: -
Viva: 317
Practical:317
Waiting Area: 323Â 
PracticalÂ Examination of A batch - 9:15 am to 10:45 am, B batch - 11:00 to 12:30 and C batch - 2:00 pm to 3:30 pm are scheduled.

Viva: 9:15 am onwardsÂ 

Please note the following points:

1. All students should come inÂ decent formal wear.

2.Â Â Â Proper disciplineÂ is to beÂ observedÂ by the students duringÂ vivaÂ andÂ practicalÂ exams

3. All students should make sure that theirÂ signature is on theÂ term-work signature sheetÂ prior to the start of the practical/vivaÂ exam.

4. Try to answer the questions in English only.Â 


ALL THE BESTÂ ğŸ‘Â DO WELL !! STAY CONFIDENT",Unknown
CE144 OBJECT ORIENTED PROGRAMMING WITH C++,"Dear Students,

Please find below the evaluation faculty name according to the batch. Those who have not submitted the practical file on time or left to give the internal practical exam kindly contact to the faculty.


2DSCE1(Batch A) - Disha PanchalÂ 
2DSCE1(Batch B) -Â 

Disha PanchalÂ 
2DSCE1(Batch C) - Dipika DamodarÂ 


2DSCE2(Batch A) - Priyanka Padhiyar
2DSCE2(Batch B) - Aishwariya Budhrani
2DSCE2(Batch C) -Â Dipika DamodarÂ ",Unknown
CE144 OBJECT ORIENTED PROGRAMMING WITH C++,"Dear Students,

If you have any doubt in any practicals or topic, kindly inform us, we will arrange online sessions to solve your doubt.

Thank you.",Unknown
CE144 OBJECT ORIENTED PROGRAMMING WITH C++,"Dear Students,

Unit TestÂ  2 Syllabus-Â  Unit No.Â  7 to 11

7. Operator Overloading
8.Inheritance
9.Pointers and Virtual Functions
10.Managing Console I/O Operations
11.Working with Files",Unknown
CE144 OBJECT ORIENTED PROGRAMMING WITH C++,"Dear Students,

PFA,

Practical - 16Â 
Update the TATA motors system (practical 3) to get input from the file.",Unknown
CE144 OBJECT ORIENTED PROGRAMMING WITH C++,"Dear Students,

PFA,

Practical - 15Â 
Develop a C++ program for amazon product as per given class diagram.",Unknown
CE144 OBJECT ORIENTED PROGRAMMING WITH C++,"Dear Students,

PFA,

Practical - 14Â 
Develop a C++ program for library management system.",Unknown
CE144 OBJECT ORIENTED PROGRAMMING WITH C++,"Dear Students,

PFA,

Practical - 12Â 
Develop a C++ program for CHARUSAT students marksheet generator (practical 1) using class.",Unknown
CE144 OBJECT ORIENTED PROGRAMMING WITH C++,"Dear Students,
PFA,

Practical â€“ 8Â Develop a C++ program store and retrieve CHARUSAT employee details. (employee details :- teaching and non-teaching employee)",Unknown
CE144 OBJECT ORIENTED PROGRAMMING WITH C++,Reference material for pointer.,Unknown
CE144 OBJECT ORIENTED PROGRAMMING WITH C++,"Dear Students,
Please find attached Ppt for Inheritance! updated ppt with remaining topics.

Regards,",Unknown
CE144 OBJECT ORIENTED PROGRAMMING WITH C++,"Dear Students,

Kindly take note that only turned in assignments from your official charusat Id will be considered for evaluation.

Thank you.",Unknown
CE144 OBJECT ORIENTED PROGRAMMING WITH C++,"Dear Students,

In one of your lab sessions, the Internal Practical Exam will be conducted in the upcoming week(8-04-20254 - 12-04-2024), So kindly prepare yourself up to Chapter - 8.


Thank you.",Unknown
CE144 OBJECT ORIENTED PROGRAMMING WITH C++,"Dear Students,
PFA,
Practical - 13Â 
Update the CHARUSAT employee system (practical 8) as per given class diagram.",Unknown
CE144 OBJECT ORIENTED PROGRAMMING WITH C++,"Dear Students,
PFA,

Practical â€“ 11Â 

Create a C++ code to take employee experience to represent as floating point value.",Unknown
CE144 OBJECT ORIENTED PROGRAMMING WITH C++,"Dear Students,

Doubt Solving session is arranged on 6/4/2024 (Saturday).
Time: 9:30 onwards
Location: 303 Lab",Unknown
CE144 OBJECT ORIENTED PROGRAMMING WITH C++,"Dear Students,

Please find attached the reference PPT for Chapter - 7",Unknown
CE144 OBJECT ORIENTED PROGRAMMING WITH C++,"Dear Students,

Please find attached Ppt for Chapter - 10",Unknown
CE144 OBJECT ORIENTED PROGRAMMING WITH C++,"Dear Students,

Greetings. We are thrilled to announceÂ an upcoming peer learning session on the topic of the Standard Template Library (STL). As part of this initiative, we have created a Google Form registration link for interested students to sign up and participate.
Here is the link to the Google Form:Â https://forms.gle/pE57nsuRRicEjxSG7

Please show your interest by filling out the form by tomorrow 1:00 pm.

Thank you.",Unknown
CE144 OBJECT ORIENTED PROGRAMMING WITH C++,"Dear Students,

Please find attached below google form of Doubt Solving session. After I will receive responses, data and time will be communicated for the session",Unknown
CE144 OBJECT ORIENTED PROGRAMMING WITH C++,"Dear Students,
PFA,

Practical â€“ 10
Create a C++ code to take floating point number and assign to employee experience.Â ",Unknown
CE144 OBJECT ORIENTED PROGRAMMING WITH C++,"Dear Students,
PFA,

Practical â€“ 9
Create a C++ code for millimeter and centimeter measurement converter.",Unknown
CE144 OBJECT ORIENTED PROGRAMMING WITH C++,"Dear Students,

PFAÂ First internal examination marks of CE144:Â OBJECT ORIENTED PROGRAMMING WITH C++




Thank you.
",Unknown
CE144 OBJECT ORIENTED PROGRAMMING WITH C++,"Dear Students,
PFA,

Practical â€“ 7Create a C++ program to perform simple mathematic operations of complex numbers.",Unknown
CE144 OBJECT ORIENTED PROGRAMMING WITH C++,"Dear Students,

PFA Internal Question Paper.

Thank you.",Unknown
CE144 OBJECT ORIENTED PROGRAMMING WITH C++,"Dear Students,
PFA,

Practical â€“ 6

Develop a C++ program store and retrieve CHARUSAT employee details.",Unknown
CE144 OBJECT ORIENTED PROGRAMMING WITH C++,"Dear Students,

The syllabus for the Internal Theory Examination forÂ Object Oriented Programming with C++ (CE144) is as follows:

Unit 1:Â Principles of Object-oriented Programming
Basic concept of object-oriented Programming, Benefits of OOP, Difference between object-oriented language and procedure-oriented language

Unit 2:Â Introduction of C++
What is C++, Simple C++ Program, Applications of C++, Introduction to class, object and creating simple program using class, Structure of C++ program

Unit 3:Â Tokens and Expressions & Control StructureType compatibility, Dynamic initialization, Reference variables Scope Resolution Operator, Memory Management,

Operator, Manipulators, Type cast operator

Unit 4:Â Functions
The main function, simple functions, call by reference, return by reference, inline functions, overloaded functions, default
arguments

Unit 5:Â Classes and objects
Limitation of C structure, declaring class and defining member function, making outside function inline, Nesting
member function, Private member function arrays within a class, memory allocation of objects, Static data members and
Member functions, Arrays of Objects, Object as a function argument, Friend functions, Returning objects, const Member functions

Unit 6:Â Constructor and Destructors
Introduction to Constructors, Parameterized Constructors, Multiple Constructors in class, Constructors with default
argument, Dynamic initialization of Constructors, Dynamic Initialization of objects, Copy Constructor, Dynamic Constructor, Destructors

All theÂ best for examination",Unknown
CE144 OBJECT ORIENTED PROGRAMMING WITH C++,"Dear Students,

PFA Reference Question bank.",Unknown
CE144 OBJECT ORIENTED PROGRAMMING WITH C++,"Dear students,

Hope you are doing well.

Here I am sharing subject material for your reference.

thank you",Unknown
CE144 OBJECT ORIENTED PROGRAMMING WITH C++,"Dear Students,
PFA,

Practical â€“ 5Â 

Develop a system to calculate the area of circle.",Unknown
CE144 OBJECT ORIENTED PROGRAMMING WITH C++,"Dear Students,
PFA,

Practical â€“ 4Â 

Develop a system to calculate the area of a shape.",Unknown
CE144 OBJECT ORIENTED PROGRAMMING WITH C++,"Dear Students,

Here, I am sharing the reference material for the topic:Â Principles of Object-oriented Programming,Â Introduction of C++ andÂ Tokens (topic details description mentioned in the material added).

Kindly go through it.
If any doubt then you can contact me.
PFA",Unknown
CE144 OBJECT ORIENTED PROGRAMMING WITH C++,"Dear All,

PFA Syllabus, Pedagogy and Rubrics

Subject Name:Â CE144 Object Oriented Programming with C++",Unknown
CE144 OBJECT ORIENTED PROGRAMMING WITH C++,"Dear Students,
PFA,

Practical â€“ 3Â 

Create a car data management system for TATA motors using C++.",Unknown
CE144 OBJECT ORIENTED PROGRAMMING WITH C++,"Dear Students,
PFA,

Practical â€“ 2Â 

Develop a C++ program store and retrieve CHARUSAT employee details.",Unknown
CE144 OBJECT ORIENTED PROGRAMMING WITH C++,"Dear Students,
PFA,

Practical â€“ 1Â Develop a C++ program for CHARUSAT student marksheet generator",Unknown
CE144 OBJECT ORIENTED PROGRAMMING WITH C++,"Dear Students,

Every week practical Aim will be posted here which you have to perform and maintain as a lab journal. Practical - 1 is already been uploaded.

I will create an assignment for each practical in the classroom that you to submit within the deadline.

Ignore the practical list that was uploaded earlier.

Thank you.",Unknown
CE144 OBJECT ORIENTED PROGRAMMING WITH C++,"Dear Students,
PFA,

Practical File format - OOPC++",Unknown
CE144 OBJECT ORIENTED PROGRAMMING WITH C++,"Dear Students,

PFA E-Books:-",Unknown
MA143_EM_I_2023_2024 (ODD),"Dear students,

I am going to share feedback link of an expert talk in the lecture. So, join this lecture without fail.

We will consider your attendance from this form. As you know, attendance is also one of the criteria for the internal evolution of MA143 (EM - I).

Regards.",Unknown
MA143_EM_I_2023_2024 (ODD),"Dear students,

Expert session is already started, please join it without fail.

Regards.",Unknown
MA143_EM_I_2023_2024 (ODD),"Dear all,

Gentile Reminder.

Â Greetings from DOMS, PDPIAS !!!

Department of Mathematical Sciences, P. D. Patel Institute of
Applied Sciences, CHARUSAT, is organizing anÂ Expert SessionÂ onÂ ""Applications
of Calculus and Matrix theory in various engineering fields "".


Â Date:Â 2nd December 2023
Day:Â Saturday
Time:Â 12:15 PM Onwards
Online Platform:Â Zoom
Link:Â Please click the link below to join the webinar:

https://us06web.zoom.us/j/86527489501?pwd=44A6cZyIm-zXPazw5JOpwl4jAqsQZw.jI5oFFAFjjaG8VaY
Webinar ID: 865 2748 9501
Passcode: 741384

Expert Name & Affiliation:Â Dr. HARSHAD PATEL
Assistant Professor, U.V Patel College of Engineering, Ganpat
University, Kherva, Mehsana, Gujarat, India.

About Expert:His area of research includes Fluid Mechanics, MHDÂ Flow of Non-Newtonian Fluid, and Machine Learning. He has published researchÂ papers in various reputable national and international journals and has alsoÂ delivered expert talks at esteemed institutes such as Gujarat College, St.Â Xavierâ€™s College, The M. S. University of Baroda, MTTF, Parul University, etc.He is a member of professional bodies and actively participates in conferences,Â FDP, STTP, etc. Additionally, he has reviewed numerous research papers forÂ reputable international publishers and journals. This presents an excellentÂ opportunity for anyone seeking to explore real-world problems through
mathematics.

Kindly circulate this information to other faculty membersÂ and students of your contacts and encourage them to participate in thisÂ lecture.


Kindly join this session before 15 minutes.

Note: There is no participation fee and no
certificate will be provided.

Thank you.

Sincerely Yours,
Dr. Jimitkumar Patel
and Faculty of Department of Mathematical Sciences.",Unknown
MA143_EM_I_2023_2024 (ODD),"Dear Students,

Gentle reminder.Â 
Â 
As you are aware, quiz is one of the importantÂ criteria for the internal evaluation of MA143 (Engineering Mathematics â€“ I). PleaseÂ find following the information for the quiz examination of MA143 (EngineeringÂ Mathematics - I).

Syllabus:Â All Units (Unit â€“ 1,2,3,4,5)
Date: 1st December 2023, Friday
Time: 11:35 AM to 12:00 Noon
Total Marks: 10
Link:Â https://forms.gle/7zegDhZcwbZbZ7Xc7
The link will be activatedÂ preciselyÂ at 11:35 AM sharp.
If you have any queries, please reachÂ out to me on 9909236460.

I kindly request everyone to joinÂ using their institute email IDs; otherwise, the Google quiz form may not open.

Please share this information withÂ the first-year B. Tech. students only.

Best regards.
",Unknown
MA143_EM_I_2023_2024 (ODD),"Dear all, 


Â 


Greetings from DOMS, PDPIAS !!! 


Department of Mathematical Sciences, P. D. Patel Institute of
Applied Sciences, CHARUSAT, is organizing an Expert Session on ""Applications
of Calculus and Matrix theory in various engineering fields "".


Â 


Date: 2nd December 2023 


Day: Saturday


Time: 12:15 PM Onwards


Online Platform: Zoom 


Link:Please click the link below to join the webinar:

https://us06web.zoom.us/j/86527489501?pwd=44A6cZyIm-zXPazw5JOpwl4jAqsQZw.jI5oFFAFjjaG8VaY


Â 


Webinar ID: 865 2748 9501

Passcode: 741384


Â 


Expert Name & Affiliation: Dr. HARSHAD PATEL


Assistant Professor, U.V Patel College of Engineering, Ganpat
University, Kherva, Mehsana, Gujarat, India.


About Expert:His area of research includes Fluid Mechanics, MHD
Flow of Non-Newtonian Fluid, and Machine Learning. He has published research
papers in various reputable national and international journals and has also
delivered expert talks at esteemed institutes such as Gujarat College, St.
Xavierâ€™s College, The M. S. University of Baroda, MTTF, Parul University, etc.
He is a member of professional bodies and actively participates in conferences,
FDP, STTP, etc. Additionally, he has reviewed numerous research papers for
reputable international publishers and journals. This presents an excellent
opportunity for anyone seeking to explore real-world problems through
mathematics.


Â 


Â 


Kindly circulate this information to other faculty members
and students of your contacts and encourage them to participate in this
lecture. 


Â 


Kindly join this session before 15 minutes.


Â 


Note: There is no participation fee and no
certificate will be provided. 


Â 


Thank you. 


Sincerely Yours,

Dr. Jimitkumar Patel
and Faculty of Department of Mathematical Sciences.",Unknown
MA143_EM_I_2023_2024 (ODD),"Dear Students,


Â 


As you are aware, quiz is one of the important
criteria for the internal evaluation of MA143 (Engineering Mathematics â€“ I). Please
find following the information for the quiz examination of MA143 (Engineering
Mathematics - I).


Â 


Syllabus: All Units (Unit â€“ 1,2,3,4,5)


Date: 1st December 2023, Friday 


Time: 11:35 AM to 12:00 Noon 


Total Marks: 10 


Link: https://forms.gle/7zegDhZcwbZbZ7Xc7


Â 


Â 


The link will be activated precisely at 11:35 AM sharp.


Â 


If you have any queries, please reach
out to me on 9909236460.


Â 


I kindly request everyone to join
using their institute email IDs; otherwise, the Google quiz form may not open.


Â 


Please share this information with
the first-year B. Tech. students only.


Â 


Â 


Â 


Best regards.",Unknown
MA143_EM_I_2023_2024 (ODD),"Dear students,

Please find the question paper of first and second internal examination for your reference.

Regards.",Unknown
MA143_EM_I_2023_2024 (ODD),"Dear students,

Please find herewith attached all materials for Unit II and Unit V of MA143 (EM I) for your reference.

Regards.",Unknown
MA143_EM_I_2023_2024 (ODD),"Dear students,

Please find herewith attachedÂ theÂ syllabusÂ ofÂ MA143Â (Engineering Mathematics - I) for the upcoming second internal examination scheduledÂ on 06 - 11 - 2023 (Monday).

If you haveÂ any questions, please feel freeÂ to contact me.

Regards.",Unknown
MA143_EM_I_2023_2024 (ODD),"Dear students,

Please find herewith attached some old question papers of first internal for MA143 (EM_I) and old course for your reference.

Â Regards.",Unknown
MA143_EM_I_2023_2024 (ODD),"Dear students,

Please find herewith attachedÂ the syllabus of MA143 (Engineering Mathematics - I) for the upcoming first internal examination scheduledÂ on 20 - 09 - 2023 (Wednesday).

If you haveÂ any questions, please feel freeÂ to contact me.

Regards.",Unknown
MA143_EM_I_2023_2024 (ODD),"Dear students,

Please find herewith attached all materials for Unit I, Unit II and Unit IV of MA143 (EM I) for your reference.

Regards.Â ",Unknown
CE143- Computer Concept Programming,"Dear Students,Â 

Please find the Previous year's University Papers.Â ",Unknown
CE143- Computer Concept Programming,"Dear Students,Â 

Please find the Previous year's University Papers.Â 

Thank You",Unknown
CE143- Computer Concept Programming,"Dear students,Â 

A gentle reminder for tomorrow's CCP exam.Â 

Please note the following points:

1. All students should come inÂ decent formal wear.
2. All the students must have submitted theÂ practicalÂ file and hacker rank score.Â 
3.Â Proper disciplineÂ is to beÂ observedÂ by the students duringÂ vivaÂ andÂ practicalÂ exams
4. All students should ensure that theirÂ signature on theÂ term-work signature sheetÂ before theÂ practical/vivaÂ exam starts.
5. Try to answer the questions in English only.Â ",Unknown
CE143- Computer Concept Programming,"Dear Students,Â 
Â 
Kindly upload theÂ Practical File and HackerRank PDF file on belowÂ linkÂ before 03-12-2023:Â 

https://forms.gle/QpSDCYNgCQZachNf9",Unknown
CE143- Computer Concept Programming,"Dear Students,Â 

PFA for 2nd unit test mark of CCP.",Unknown
CE143- Computer Concept Programming,"Dear students,

Greetings!

As per the scheduled time ofÂ vivaÂ andÂ practicalÂ examÂ for the subject,Â CE143Â Computer Concepts and Programming will beÂ 9:10 amÂ on your respective scheduled dates.Â 

All the students are requested to report atÂ 9:10 am.

1CSE1 - 06/12/2023 (Wednesday)

1CSE2 - 05/12/2023 (Tuesday)
Â 
PracticalÂ Examinations startÂ at 9:30 am.

The following are the venues for the examination:

Practical Exam - 317Â 
Viva - 317Â 
Waiting room - 324Â 
Please note the following points:

1. All students should come inÂ decent formal wear.
2. All the students must have submitted theÂ practicalÂ file and hacker rank score.Â 
3.Â Proper disciplineÂ is to beÂ observedÂ by the students duringÂ vivaÂ andÂ practicalÂ exams
4. All students should ensure that theirÂ signature on theÂ term-work signature sheetÂ before theÂ practical/vivaÂ exam starts.
5. Try to answer the questions in English only.Â 


ALL THE BESTÂ ğŸ‘Â DO WELL !! STAY CONFIDENT",Unknown
CE143- Computer Concept Programming,"Dear Students,Â 

Please Find the attached material for CCP.Â 

",Unknown
CE143- Computer Concept Programming,"Dear Students,

You are informed to be ready with your CCP Practical file in soft copy and Hacker rank Score Board. In next week a link will be shared to upload these documents for CCP Submission. 

The CCP quiz is scheduled for 24-11-2023 from 11.10 am to 11.30 am. The link will be shared prior to 5 minutes in Google Classroom and in email also. The syllabus is from Unit 1 to Unit 10.Â Â ",Unknown
CE143- Computer Concept Programming,PPT of CH 8 and 10,Unknown
CE143- Computer Concept Programming,"Dear Students,Â 

PFA for Unit Test- 1 Marks.",Unknown
CE143- Computer Concept Programming,"Dear classmates,
Greetings of the day!

Find the file format for ccp Prectical file submission.

Thank you .

NOTE :- It is Compulsory to follow this format for submission.",Unknown
CE143- Computer Concept Programming,"Dear Students,Â 

Please find the attached theory assignment- 1.Â 

Thank You.Â 

",Unknown
CE143- Computer Concept Programming,"Dear Students,Â 

Please find the attachments.Â 

",Unknown
CE143- Computer Concept Programming,"Dear Students,

Chapter 1,4,7 PPT.",Unknown
CE143- Computer Concept Programming,"Dear Students,Â 

The following is the file evaluation details:Â 

PRACTICAL EVALUATION and CONTINUOUS EVALUATIONÂ  Â  Â  Â  Â  Â  Â  Â  Â  Â Â 
1CSE1 Â  Â 
Â  Â BatchÂ  - A Â  Â Krishna PatelÂ  Â Â 
Â  Â  Batch - B Â  Â Priyanka PadhiyarÂ  Â Â 
Â  Â  Batch - C Â  Â Krishna Patel Â  Â  Â  Â  Â  Â 
1CSE2 Â  Â 
Â  Batch - A Â  Â Krishna Patel Â  Â  Â  Â  Â  Â 
Â  BatchÂ  - B Â  Â Vaishali Vadhavana Â  Â  Â  Â  Â  Â 
Â  Batch - C Â  Â Milind Shah Â  Â  Â  Â  Â  Â  
Â 
  
 


Â THEORY EVALUATION AND CONTINUOUS EVALUATION
Â 1CSE1 - Krishna Patel Â Â 
Â 1CSE2Â  - Priyanka PadhiyarÂ  Â Â ",Unknown
CE143- Computer Concept Programming,"Dear Students,Â 

Please find the attached Syllabus, Pedagogy, CCP file format, and chapter PPT.Â ",Unknown
CE143- Computer Concept Programming,"Dear Students,Â 

Please find the Practical List of CE143- CCP.Â 

",Unknown
